,f1_macro,recall_macro,precision_macro,accuracy,auc_score,vectorizer
0,0.8229990476190476,0.8235771428571427,0.8249485714285715,0.8232580952380952,0.8235666666666666,CountVectorizer(tokenizer=<bound method TweetTokenizer.tokenize of <nltk.tokenize.casual.TweetTokenizer object at 0x7fbf5c3eaca0>>)
1,0.8267819047619049,0.8273999999999999,0.82904,0.8271000000000001,0.8273904761904761,"CountVectorizer(ngram_range=(1, 3),
                tokenizer=<bound method TweetTokenizer.tokenize of <nltk.tokenize.casual.TweetTokenizer object at 0x7fc089011ca0>>)"
2,0.8075342857142855,0.8077857142857142,0.8081857142857143,0.8076666666666666,0.8077857142857142,"CountVectorizer(analyzer='char', ngram_range=(1, 5))"
3,0.7371609523809524,0.7381533333333333,0.7403247619047619,0.737942857142857,0.7457352380952381,"CountVectorizer(analyzer='char', ngram_range=(4, 5))"
4,0.7419209523809523,0.7425371428571429,0.743875238095238,0.7423752380952381,0.74838,"CountVectorizer(analyzer='char', ngram_range=(3, 8))"
5,0.807090476190476,0.8075933333333334,0.8085304761904762,0.8073057142857143,0.8075771428571429,TfidfVectorizer(tokenizer=<bound method TweetTokenizer.tokenize of <nltk.tokenize.casual.TweetTokenizer object at 0x7fde985b7ca0>>)
6,0.7917190476190475,0.7924714285714286,0.7944542857142856,0.7923133333333334,0.7924666666666667,"TfidfVectorizer(ngram_range=(1, 3),
                tokenizer=<bound method TweetTokenizer.tokenize of <nltk.tokenize.casual.TweetTokenizer object at 0x7fde82dc0040>>)"
7,0.7940942857142856,0.7943361904761904,0.7948228571428572,0.7942971428571427,0.7943361904761904,"TfidfVectorizer(analyzer='char', ngram_range=(1, 5))"
8,0.7216409523809524,0.7229104761904761,0.725447619047619,0.722807619047619,0.729435238095238,"TfidfVectorizer(analyzer='char', ngram_range=(4, 5))"
9,0.7169580952380952,0.7179628571428571,0.7201580952380953,0.7179409523809525,0.7233847619047619,"TfidfVectorizer(analyzer='char', ngram_range=(3, 8))"
